"Order","Family","Genus","Species","Cycle","SocialGrpSize","TrophicLevel"
"Artiodactyla","Bovidae","Addax","Addax nasomaculatus","Nocturnal",12.62,"Herbivore"
"Artiodactyla","Bovidae","Aepyceros","Aepyceros melampus","Diurnal",15.25,"Herbivore"
"Artiodactyla","Bovidae","Alcelaphus","Alcelaphus buselaphus","Diurnal",20,"Herbivore"
"Artiodactyla","Cervidae","Alces","Alces alces","Crepuscular",1,"Herbivore"
"Primates","Cheirogaleidae","Allocebus","Allocebus trichotis","Crepuscular",1,"Omnivore"
"Primates","Cebidae","Alouatta","Alouatta caraya","Diurnal",8.9,"Herbivore"
"Primates","Cebidae","Alouatta","Alouatta fusca","Diurnal",7.4,"Herbivore"
"Primates","Cebidae","Alouatta","Alouatta palliata","Diurnal",13.1,"Herbivore"
"Primates","Cebidae","Alouatta","Alouatta pigra","Diurnal",5.5,"Herbivore"
"Primates","Cebidae","Alouatta","Alouatta seniculus","Diurnal",7.9,"Omnivore"
"Insectivora","Chrysochloridae","Amblysomus","Amblysomus hottentotus","Crepuscular",1,"Omnivore"
"Rodentia","Sciuridae","Ammospermophilus","Ammospermophilus nelsoni","Diurnal",7,"Omnivore"
"Primates","Cebidae","Aotus","Aotus azarai","Nocturnal",4.1,"Omnivore"
"Primates","Cebidae","Aotus","Aotus nancymaae","Nocturnal",4,"Omnivore"
"Primates","Cebidae","Aotus","Aotus nigriceps","Nocturnal",3.3,"Omnivore"
"Primates","Cebidae","Aotus","Aotus trivirgatus","Nocturnal",3.15,"Omnivore"
"Primates","Cebidae","Aotus","Aotus vociferans","Nocturnal",3.3,"Herbivore"
"Rodentia","Muridae","Arborimus","Arborimus longicaudus","Nocturnal",1,"Herbivore"
"Primates","Loridae","Arctocebus","Arctocebus calabarensis","Nocturnal",1,"Omnivore"
"Primates","Cebidae","Ateles","Ateles belzebuth","Diurnal",14.5,"Herbivore"
"Primates","Cebidae","Ateles","Ateles geoffroyi","Diurnal",42,"Herbivore"
"Primates","Cebidae","Ateles","Ateles paniscus","Diurnal",20,"Omnivore"
"Primates","Indridae","Avahi","Avahi laniger","Crepuscular",2.25,"Herbivore"
"Artiodactyla","Suidae","Babyrousa","Babyrousa babyrussa","Diurnal",4.5,"Omnivore"
"Artiodactyla","Bovidae","Bubalus","Bubalus depressicornis","Diurnal",1,"Herbivore"
"Artiodactyla","Bovidae","Bison","Bison bison","Crepuscular",30,"Herbivore"
"Artiodactyla","Bovidae","Bison","Bison bonasus","Crepuscular",35,"Herbivore"
"Artiodactyla","Cervidae","Blastocerus","Blastocerus dichotomus","Crepuscular",3,"Herbivore"
"Artiodactyla","Bovidae","Bos","Bos frontalis","Crepuscular",40,"Herbivore"
"Artiodactyla","Bovidae","Bos","Bos javanicus","Crepuscular",40,"Herbivore"
"Artiodactyla","Bovidae","Bos","Bos sauveli","Crepuscular",20,"Herbivore"
"Primates","Cebidae","Brachyteles","Brachyteles arachnoides","Diurnal",19.6,"Omnivore"
"Artiodactyla","Bovidae","Bubalus","Bubalus mindorensis","Crepuscular",1,"Herbivore"
"Artiodactyla","Bovidae","Bubalus","Bubalus quarlesi","Diurnal",1,"Herbivore"
"Xenarthra","Dasypodidae","Cabassous","Cabassous centralis","Nocturnal",1,"Carnivore"
"Xenarthra","Dasypodidae","Cabassous","Cabassous unicinctus","Nocturnal",1,"Carnivore"
"Primates","Cebidae","Cacajao","Cacajao calvus","Diurnal",23.7,"Omnivore"
"Primates","Cebidae","Cacajao","Cacajao melanocephalus","Diurnal",30,"Omnivore"
"Primates","Cebidae","Callicebus","Callicebus moloch","Diurnal",2.95,"Omnivore"
"Primates","Cebidae","Callicebus","Callicebus personatus","Diurnal",2.35,"Herbivore"
"Primates","Cebidae","Callicebus","Callicebus torquatus","Diurnal",3.85,"Omnivore"
"Primates","Callitrichidae","Callimico","Callimico goeldii","Diurnal",6.85,"Omnivore"
"Primates","Callitrichidae","Callithrix","Callithrix argentata","Diurnal",9.5,"Omnivore"
"Primates","Callitrichidae","Callithrix","Callithrix aurita","Diurnal",6,"Omnivore"
"Primates","Callitrichidae","Callithrix","Callithrix flaviceps","Diurnal",9.8,"Omnivore"
"Primates","Callitrichidae","Callithrix","Callithrix humeralifera","Diurnal",8.5,"Omnivore"
"Primates","Callitrichidae","Callithrix","Callithrix jacchus","Diurnal",8.55,"Omnivore"
"Primates","Callitrichidae","Callithrix","Callithrix pygmaea","Diurnal",6,"Omnivore"
"Didelphimorphia","Didelphidae","Caluromys","Caluromys derbianus","Nocturnal",1,"Omnivore"
"Didelphimorphia","Didelphidae","Caluromys","Caluromys lanatus","Nocturnal",1,"Omnivore"
"Didelphimorphia","Didelphidae","Caluromys","Caluromys philander","Nocturnal",1,"Omnivore"
"Didelphimorphia","Didelphidae","Caluromysiops","Caluromysiops irrupta","Nocturnal",1,"Omnivore"
"Lagomorpha","Leporidae","Caprolagus","Caprolagus hispidus","Nocturnal",2,"Herbivore"
"Primates","Cebidae","Cebus","Cebus albifrons","Diurnal",25,"Omnivore"
"Primates","Cebidae","Cebus","Cebus apella","Diurnal",7.9,"Omnivore"
"Primates","Cebidae","Cebus","Cebus capucinus","Diurnal",18.15,"Omnivore"
"Primates","Cebidae","Cebus","Cebus olivaceus","Diurnal",11.45,"Omnivore"
"Artiodactyla","Bovidae","Cephalophus","Cephalophus dorsalis","Nocturnal",1,"Omnivore"
"Artiodactyla","Bovidae","Cephalophus","Cephalophus maxwellii","Crepuscular",1.95,"Omnivore"
"Artiodactyla","Bovidae","Cephalophus","Cephalophus monticola","Diurnal",1.9,"Omnivore"
"Artiodactyla","Bovidae","Cephalophus","Cephalophus natalensis","Diurnal",2,"Herbivore"
"Artiodactyla","Bovidae","Cephalophus","Cephalophus rufilatus","Diurnal",1,"Omnivore"
"Artiodactyla","Bovidae","Cephalophus","Cephalophus silvicultor","Crepuscular",1,"Omnivore"
"Rodentia","Muridae","Clethrionomys","Clethrionomys gapperi","Nocturnal",1,"Omnivore"
"Rodentia","Erethizontidae","Coendou","Coendou bicolor","Nocturnal",2,"Herbivore"
"Rodentia","Erethizontidae","Coendou","Coendou prehensilis","Nocturnal",1,"Herbivore"
"Primates","Cercopithecidae","Colobus","Colobus angolensis","Diurnal",10.9,"Herbivore"
"Primates","Cercopithecidae","Colobus","Colobus guereza","Diurnal",7.6,"Herbivore"
"Primates","Cercopithecidae","Colobus","Colobus polykomos","Diurnal",13.1,"Herbivore"
"Primates","Cercopithecidae","Colobus","Colobus satanas","Diurnal",15.5,"Herbivore"
"Primates","Cercopithecidae","Cercocebus","Cercocebus galeritus","Diurnal",20.35,"Herbivore"
"Primates","Cercopithecidae","Cercocebus","Cercocebus torquatus","Diurnal",26.9,"Herbivore"
"Primates","Cercopithecidae","Cercopithecus","Cercopithecus ascanius","Diurnal",26.3,"Omnivore"
"Primates","Cercopithecidae","Cercopithecus","Cercopithecus campbelli","Diurnal",11,"Herbivore"
"Primates","Cercopithecidae","Cercopithecus","Cercopithecus cephus","Diurnal",11,"Omnivore"
"Primates","Cercopithecidae","Cercopithecus","Cercopithecus diana","Diurnal",24.95,"Omnivore"
"Primates","Cercopithecidae","Cercopithecus","Cercopithecus lhoesti","Diurnal",17.4,"Omnivore"
"Primates","Cercopithecidae","Cercopithecus","Cercopithecus mitis","Diurnal",16,"Omnivore"
"Primates","Cercopithecidae","Cercopithecus","Cercopithecus neglectus","Diurnal",4.5,"Omnivore"
"Primates","Cercopithecidae","Cercopithecus","Cercopithecus nictitans","Diurnal",16,"Omnivore"
"Primates","Cercopithecidae","Cercopithecus","Cercopithecus pogonias","Diurnal",15,"Omnivore"
"Primates","Cercopithecidae","Cercopithecus","Cercopithecus preussi","Diurnal",3,"Omnivore"
"Artiodactyla","Cervidae","Cervus","Cervus duvaucelii","Crepuscular",64.25,"Herbivore"
"Artiodactyla","Cervidae","Cervus","Cervus elaphus","Crepuscular",17.5,"Herbivore"
"Artiodactyla","Cervidae","Cervus","Cervus nippon","Crepuscular",7.5,"Herbivore"
"Rodentia","Echimyidae","Chaetomys","Chaetomys subspinosus","Nocturnal",1,"Herbivore"
"Primates","Cheirogaleidae","Cheirogaleus","Cheirogaleus major","Nocturnal",1,"Omnivore"
"Primates","Cheirogaleidae","Cheirogaleus","Cheirogaleus medius","Nocturnal",1,"Omnivore"
"Didelphimorphia","Didelphidae","Chironectes","Chironectes minimus","Nocturnal",1,"Omnivore"
"Primates","Cebidae","Chiropotes","Chiropotes albinasus","Diurnal",22.5,"Herbivore"
"Primates","Cebidae","Chiropotes","Chiropotes satanas","Diurnal",14.4,"Herbivore"
"Primates","Cercopithecidae","Chlorocebus","Chlorocebus aethiops","Diurnal",19.2,"Herbivore"
"Insectivora","Chrysochloridae","Chrysochloris","Chrysochloris asiatica","Crepuscular",1,"Carnivore"
"Insectivora","Chrysochloridae","Chrysochloris","Chrysochloris stuhlmanni","Nocturnal",1,"Carnivore"
"Insectivora","Chrysochloridae","Chrysospalax","Chrysospalax trevelyani","Crepuscular",1,"Carnivore"
"Artiodactyla","Bovidae","Connochaetes","Connochaetes gnou","Crepuscular",26.75,"Herbivore"
"Artiodactyla","Bovidae","Connochaetes","Connochaetes taurinus","Crepuscular",20,"Herbivore"
"Insectivora","Soricidae","Crocidura","Crocidura hirta","Crepuscular",1,"Omnivore"
"Insectivora","Soricidae","Crocidura","Crocidura luna","Crepuscular",1,"Carnivore"
"Rodentia","Bathyergidae","Cryptomys","Cryptomys damarensis","Crepuscular",22.5,"Herbivore"
"Rodentia","Bathyergidae","Cryptomys","Cryptomys hottentotus","Crepuscular",10,"Herbivore"
"Xenarthra","Myrmecophagidae","Cyclopes","Cyclopes didactylus","Nocturnal",1,"Carnivore"
"Rodentia","Sciuridae","Cynomys","Cynomys gunnisoni","Diurnal",5.65,"Omnivore"
"Rodentia","Sciuridae","Cynomys","Cynomys ludovicianus","Diurnal",6.13,"Herbivore"
"Rodentia","Echimyidae","Dactylomys","Dactylomys dactylinus","Nocturnal",2,"Omnivore"
"Artiodactyla","Cervidae","Dama","Dama dama","Crepuscular",10.5,"Herbivore"
"Artiodactyla","Bovidae","Damaliscus","Damaliscus lunatus","Crepuscular",3.6,"Herbivore"
"Primates","Lemuridae","Eulemur","Eulemur coronatus","Crepuscular",6.95,"Omnivore"
"Primates","Lemuridae","Eulemur","Eulemur fulvus","Crepuscular",9.2,"Herbivore"
"Primates","Lemuridae","Eulemur","Eulemur macaco","Crepuscular",9.2,"Omnivore"
"Primates","Lemuridae","Eulemur","Eulemur mongoz","Crepuscular",2.7,"Omnivore"
"Primates","Lemuridae","Eulemur","Eulemur rubriventer","Crepuscular",3.3,"Omnivore"
"Xenarthra","Dasypodidae","Dasypus","Dasypus kappleri","Crepuscular",1,"Omnivore"
"Xenarthra","Dasypodidae","Dasypus","Dasypus novemcinctus","Crepuscular",1,"Omnivore"
"Hyracoidea","Procaviidae","Dendrohyrax","Dendrohyrax arboreus","Nocturnal",1,"Herbivore"
"Hyracoidea","Procaviidae","Dendrohyrax","Dendrohyrax dorsalis","Nocturnal",1,"Herbivore"
"Diprotodontia","Macropodidae","Dendrolagus","Dendrolagus dorianus","Crepuscular",2,"Omnivore"
"Didelphimorphia","Didelphidae","Didelphis","Didelphis marsupialis","Nocturnal",1,"Omnivore"
"Didelphimorphia","Didelphidae","Didelphis","Didelphis virginiana","Nocturnal",1,"Omnivore"
"Rodentia","Echimyidae","Diplomys","Diplomys caniceps","Nocturnal",1,"Herbivore"
"Rodentia","Echimyidae","Diplomys","Diplomys labilis","Nocturnal",1,"Herbivore"
"Rodentia","Echimyidae","Diplomys","Diplomys rufodorsalis","Nocturnal",1,"Herbivore"
"Rodentia","Heteromyidae","Dipodomys","Dipodomys heermanni","Nocturnal",1,"Omnivore"
"Rodentia","Heteromyidae","Dipodomys","Dipodomys nitratoides","Nocturnal",1,"Herbivore"
"Artiodactyla","Bovidae","Dorcatragus","Dorcatragus megalotis","Diurnal",7,"Herbivore"
"Diprotodontia","Macropodidae","Dorcopsis","Dorcopsis hageni","Diurnal",1,"Omnivore"
"Diprotodontia","Macropodidae","Dorcopsis","Dorcopsis luctuosa","Crepuscular",1,"Herbivore"
"Diprotodontia","Macropodidae","Dorcopsulus","Dorcopsulus macleayi","Nocturnal",1,"Herbivore"
"Diprotodontia","Macropodidae","Dorcopsulus","Dorcopsulus vanheurni","Crepuscular",1,"Herbivore"
"Rodentia","Echimyidae","Echimys","Echimys chrysurus","Nocturnal",1,"Herbivore"
"Macroscelidea","Macroscelididae","Elephantulus","Elephantulus brachyrhynchus","Crepuscular",1,"Carnivore"
"Macroscelidea","Macroscelididae","Elephantulus","Elephantulus rufescens","Crepuscular",1,"Omnivore"
"Insectivora","Chrysochloridae","Eremitalpa","Eremitalpa granti","Nocturnal",1,"Omnivore"
"Rodentia","Erethizontidae","Erethizon","Erethizon dorsatum","Nocturnal",1,"Herbivore"
"Primates","Cercopithecidae","Erythrocebus","Erythrocebus patas","Diurnal",28,"Omnivore"
"Primates","Galagonidae","Euoticus","Euoticus elegantulus","Nocturnal",1,"Herbivore"
"Xenarthra","Dasypodidae","Euphractus","Euphractus sexcinctus","Crepuscular",1,"Omnivore"
"Primates","Galagonidae","Galago","Galago alleni","Nocturnal",6,"Herbivore"
"Primates","Galagonidae","Galago","Galago senegalensis","Nocturnal",3.5,"Omnivore"
"Primates","Galagonidae","Galagoides","Galagoides demidoff","Nocturnal",1,"Omnivore"
"Artiodactyla","Bovidae","Gazella","Gazella subgutturosa","Crepuscular",5.5,"Herbivore"
"Rodentia","Bathyergidae","Georychus","Georychus capensis","Diurnal",1,"Omnivore"
"Artiodactyla","Bovidae","Gazella","Gazella dama","Diurnal",1,"Herbivore"
"Artiodactyla","Bovidae","Gazella","Gazella dorcas","Crepuscular",6.75,"Omnivore"
"Artiodactyla","Bovidae","Gazella","Gazella gazella","Crepuscular",7.2,"Herbivore"
"Primates","Lemuridae","Hapalemur","Hapalemur aureus","Crepuscular",3,"Herbivore"
"Primates","Lemuridae","Hapalemur","Hapalemur griseus","Crepuscular",3.1,"Herbivore"
"Primates","Lemuridae","Hapalemur","Hapalemur simus","Crepuscular",7.5,"Omnivore"
"Rodentia","Bathyergidae","Heliophobius","Heliophobius argenteocinereus","Crepuscular",1,"Herbivore"
"Rodentia","Sciuridae","Heliosciurus","Heliosciurus mutabilis","Diurnal",2,"Omnivore"
"Primates","Hominidae","Gorilla","Gorilla gorilla","Diurnal",6,"Omnivore"
"Rodentia","Muridae","Hypogeomys","Hypogeomys antimena","Nocturnal",2,"Herbivore"
"Primates","Indridae","Indri","Indri indri","Diurnal",3.1,"Herbivore"
"Hyracoidea","Procaviidae","Heterohyrax","Heterohyrax brucei","Diurnal",17.5,"Herbivore"
"Rodentia","Heteromyidae","Heteromys","Heteromys anomalus","Nocturnal",1,"Omnivore"
"Rodentia","Heteromyidae","Heteromys","Heteromys australis","Nocturnal",1,"Herbivore"
"Rodentia","Heteromyidae","Heteromys","Heteromys desmarestianus","Nocturnal",1,"Herbivore"
"Artiodactyla","Cervidae","Hippocamelus","Hippocamelus bisulcus","Crepuscular",1.9,"Herbivore"
"Artiodactyla","Bovidae","Hippotragus","Hippotragus equinus","Diurnal",12,"Herbivore"
"Artiodactyla","Bovidae","Hippotragus","Hippotragus niger","Diurnal",15,"Herbivore"
"Rodentia","Muridae","Holochilus","Holochilus chacarius","Crepuscular",1,"Herbivore"
"Rodentia","Echimyidae","Hoplomys","Hoplomys gymnurus","Nocturnal",1,"Herbivore"
"Primates","Hylobatidae","Hylobates","Hylobates agilis","Diurnal",4.2,"Omnivore"
"Primates","Hylobatidae","Hylobates","Hylobates concolor","Diurnal",4,"Omnivore"
"Primates","Hylobatidae","Hylobates","Hylobates hoolock","Diurnal",3.2,"Omnivore"
"Primates","Hylobatidae","Hylobates","Hylobates klossii","Diurnal",3,"Omnivore"
"Primates","Hylobatidae","Hylobates","Hylobates lar","Diurnal",3.2,"Omnivore"
"Primates","Hylobatidae","Hylobates","Hylobates moloch","Diurnal",2.15,"Omnivore"
"Primates","Hylobatidae","Hylobates","Hylobates muelleri","Diurnal",3.2,"Omnivore"
"Primates","Hylobatidae","Hylobates","Hylobates pileatus","Diurnal",3.25,"Omnivore"
"Primates","Hylobatidae","Hylobates","Hylobates syndactylus","Diurnal",3.8,"Omnivore"
"Artiodactyla","Suidae","Hylochoerus","Hylochoerus meinertzhageni","Crepuscular",10,"Herbivore"
"Rodentia","Echimyidae","Kannabateomys","Kannabateomys amblyonyx","Nocturnal",1,"Herbivore"
"Artiodactyla","Bovidae","Kobus","Kobus ellipsiprymnus","Crepuscular",12,"Herbivore"
"Artiodactyla","Bovidae","Kobus","Kobus leche","Crepuscular",20,"Herbivore"
"Artiodactyla","Bovidae","Kobus","Kobus vardonii","Crepuscular",5.5,"Herbivore"
"Diprotodontia","Macropodidae","Lagorchestes","Lagorchestes hirsutus","Nocturnal",8,"Herbivore"
"Primates","Cebidae","Lagothrix","Lagothrix flavicauda","Diurnal",9.1,"Herbivore"
"Primates","Cebidae","Lagothrix","Lagothrix lagotricha","Diurnal",33,"Omnivore"
"Primates","Cercopithecidae","Mandrillus","Mandrillus leucophaeus","Diurnal",17,"Omnivore"
"Primates","Cercopithecidae","Mandrillus","Mandrillus sphinx","Diurnal",13.9,"Omnivore"
"Didelphimorphia","Didelphidae","Marmosa","Marmosa mexicana","Nocturnal",1,"Omnivore"
"Didelphimorphia","Didelphidae","Marmosa","Marmosa murina","Nocturnal",1,"Omnivore"
"Didelphimorphia","Didelphidae","Marmosa","Marmosa robinsoni","Nocturnal",1,"Omnivore"
"Didelphimorphia","Didelphidae","Marmosops","Marmosops parvidens","Nocturnal",1,"Omnivore"
"Primates","Lemuridae","Lemur","Lemur catta","Crepuscular",16.45,"Omnivore"
"Primates","Callitrichidae","Leontopithecus","Leontopithecus chrysopygus","Diurnal",3.6,"Omnivore"
"Primates","Callitrichidae","Leontopithecus","Leontopithecus rosalia","Diurnal",4.5,"Omnivore"
"Primates","Megaladapidae","Lepilemur","Lepilemur dorsalis","Nocturnal",1,"Herbivore"
"Primates","Megaladapidae","Lepilemur","Lepilemur edwardsi","Nocturnal",1,"Omnivore"
"Primates","Megaladapidae","Lepilemur","Lepilemur leucopus","Nocturnal",1,"Herbivore"
"Primates","Megaladapidae","Lepilemur","Lepilemur microdon","Nocturnal",1,"Omnivore"
"Primates","Megaladapidae","Lepilemur","Lepilemur mustelinus","Nocturnal",1,"Herbivore"
"Primates","Megaladapidae","Lepilemur","Lepilemur ruficaudatus","Nocturnal",1,"Herbivore"
"Primates","Megaladapidae","Lepilemur","Lepilemur septentrionalis","Nocturnal",1,"Herbivore"
"Lagomorpha","Leporidae","Lepus","Lepus arcticus","Nocturnal",2,"Herbivore"
"Lagomorpha","Leporidae","Lepus","Lepus callotis","Nocturnal",2,"Herbivore"
"Lagomorpha","Leporidae","Lepus","Lepus townsendii","Nocturnal",1,"Herbivore"
"Rodentia","Heteromyidae","Liomys","Liomys pictus","Nocturnal",1,"Herbivore"
"Primates","Cercopithecidae","Lophocebus","Lophocebus albigena","Diurnal",16,"Omnivore"
"Rodentia","Muridae","Lorentzimys","Lorentzimys nouhuysi","Crepuscular",4,"Omnivore"
"Primates","Loridae","Loris","Loris tardigradus","Nocturnal",1,"Omnivore"
"Primates","Cercopithecidae","Macaca","Macaca fascicularis","Diurnal",27,"Omnivore"
"Primates","Cercopithecidae","Macaca","Macaca fuscata","Diurnal",40.65,"Omnivore"
"Primates","Cercopithecidae","Macaca","Macaca mulatta","Diurnal",38.5,"Herbivore"
"Primates","Cercopithecidae","Macaca","Macaca nemestrina","Diurnal",22.6,"Omnivore"
"Primates","Cercopithecidae","Macaca","Macaca nigra","Diurnal",24.75,"Herbivore"
"Primates","Cercopithecidae","Macaca","Macaca silenus","Diurnal",21,"Omnivore"
"Primates","Cercopithecidae","Macaca","Macaca sinica","Diurnal",20.1,"Herbivore"
"Primates","Cercopithecidae","Macaca","Macaca sylvanus","Diurnal",18.3,"Omnivore"
"Diprotodontia","Macropodidae","Macropus","Macropus robustus","Nocturnal",1.92,"Herbivore"
"Diprotodontia","Macropodidae","Macropus","Macropus rufus","Nocturnal",2.6,"Herbivore"
"Macroscelidea","Macroscelididae","Macroscelides","Macroscelides proboscideus","Crepuscular",1,"Omnivore"
"Artiodactyla","Bovidae","Madoqua","Madoqua guentheri","Diurnal",6.25,"Herbivore"
"Artiodactyla","Bovidae","Madoqua","Madoqua kirkii","Crepuscular",2.5,"Herbivore"
"Artiodactyla","Bovidae","Madoqua","Madoqua saltiana","Crepuscular",1.5,"Herbivore"
"Rodentia","Sciuridae","Marmota","Marmota monax","Diurnal",1,"Omnivore"
"Rodentia","Sciuridae","Marmota","Marmota vancouverensis","Diurnal",8,"Herbivore"
"Artiodactyla","Cervidae","Mazama","Mazama americana","Crepuscular",1,"Herbivore"
"Artiodactyla","Cervidae","Mazama","Mazama gouazoupira","Crepuscular",1,"Herbivore"
"Rodentia","Echimyidae","Mesomys","Mesomys hispidus","Nocturnal",1,"Omnivore"
"Didelphimorphia","Didelphidae","Metachirus","Metachirus nudicaudatus","Nocturnal",1,"Omnivore"
"Primates","Cheirogaleidae","Microcebus","Microcebus coquereli","Nocturnal",1,"Omnivore"
"Primates","Cheirogaleidae","Microcebus","Microcebus murinus","Nocturnal",1,"Omnivore"
"Primates","Cheirogaleidae","Microcebus","Microcebus rufus","Nocturnal",1,"Omnivore"
"Rodentia","Sciuridae","Microsciurus","Microsciurus flaviventer","Diurnal",2,"Carnivore"
"Rodentia","Sciuridae","Microsciurus","Microsciurus mimulus","Diurnal",2,"Carnivore"
"Rodentia","Muridae","Microtus","Microtus ochrogaster","Nocturnal",2.75,"Omnivore"
"Primates","Cercopithecidae","Miopithecus","Miopithecus talapoin","Diurnal",91.2,"Omnivore"
"Didelphimorphia","Didelphidae","Monodelphis","Monodelphis brevicaudata","Crepuscular",1,"Omnivore"
"Didelphimorphia","Didelphidae","Monodelphis","Monodelphis domestica","Crepuscular",1,"Carnivore"
"Xenarthra","Myrmecophagidae","Myrmecophaga","Myrmecophaga tridactyla","Crepuscular",1,"Carnivore"
"Rodentia","Sciuridae","Myosciurus","Myosciurus pumilio","Diurnal",1,"Omnivore"
"Insectivora","Soricidae","Myosorex","Myosorex cafer","Crepuscular",1,"Omnivore"
"Insectivora","Soricidae","Myosorex","Myosorex varius","Crepuscular",2,"Carnivore"
"Primates","Cercopithecidae","Nasalis","Nasalis concolor","Diurnal",2.75,"Herbivore"
"Primates","Cercopithecidae","Nasalis","Nasalis larvatus","Diurnal",11.25,"Herbivore"
"Rodentia","Muridae","Neacomys","Neacomys spinosus","Nocturnal",1,"Omnivore"
"Rodentia","Muridae","Neacomys","Neacomys tenuipes","Nocturnal",1,"Omnivore"
"Rodentia","Muridae","Nectomys","Nectomys parvipes","Nocturnal",1,"Omnivore"
"Rodentia","Muridae","Nectomys","Nectomys squamipes","Nocturnal",1,"Omnivore"
"Rodentia","Muridae","Neofiber","Neofiber alleni","Nocturnal",1,"Herbivore"
"Rodentia","Muridae","Neotoma","Neotoma albigula","Nocturnal",1,"Herbivore"
"Rodentia","Muridae","Neotoma","Neotoma cinerea","Nocturnal",4,"Herbivore"
"Rodentia","Muridae","Neotoma","Neotoma floridana","Nocturnal",1,"Herbivore"
"Artiodactyla","Bovidae","Neotragus","Neotragus moschatus","Crepuscular",1.5,"Herbivore"
"Artiodactyla","Bovidae","Neotragus","Neotragus pygmaeus","Crepuscular",2,"Herbivore"
"Primates","Loridae","Nycticebus","Nycticebus coucang","Nocturnal",1,"Omnivore"
"Rodentia","Muridae","Nyctomys","Nyctomys sumichrasti","Nocturnal",1,"Herbivore"
"Rodentia","Muridae","Ochrotomys","Ochrotomys nuttalli","Crepuscular",3.75,"Omnivore"
"Artiodactyla","Cervidae","Odocoileus","Odocoileus virginianus","Crepuscular",2.25,"Herbivore"
"Rodentia","Muridae","Oecomys","Oecomys bicolor","Nocturnal",1,"Herbivore"
"Rodentia","Muridae","Oligoryzomys","Oligoryzomys chacoensis","Nocturnal",1,"Omnivore"
"Rodentia","Muridae","Oligoryzomys","Oligoryzomys microtis","Nocturnal",1,"Omnivore"
"Rodentia","Muridae","Oligoryzomys","Oligoryzomys nigripes","Nocturnal",1,"Omnivore"
"Rodentia","Muridae","Onychomys","Onychomys torridus","Nocturnal",2,"Carnivore"
"Artiodactyla","Bovidae","Oreamnos","Oreamnos americanus","Crepuscular",3,"Herbivore"
"Artiodactyla","Bovidae","Oreotragus","Oreotragus oreotragus","Crepuscular",2,"Herbivore"
"Artiodactyla","Bovidae","Oryx","Oryx gazella","Crepuscular",20,"Herbivore"
"Rodentia","Muridae","Oryzomys","Oryzomys bolivaris","Nocturnal",1,"Omnivore"
"Rodentia","Muridae","Oryzomys","Oryzomys capito","Nocturnal",1,"Omnivore"
"Rodentia","Muridae","Oryzomys","Oryzomys intermedius","Nocturnal",1,"Omnivore"
"Rodentia","Muridae","Oryzomys","Oryzomys macconnelli","Nocturnal",1,"Omnivore"
"Rodentia","Muridae","Oryzomys","Oryzomys nitidus","Nocturnal",1,"Omnivore"
"Rodentia","Muridae","Oryzomys","Oryzomys talamancae","Nocturnal",1,"Omnivore"
"Primates","Galagonidae","Otolemur","Otolemur crassicaudatus","Nocturnal",3.5,"Omnivore"
"Rodentia","Muridae","Otomys","Otomys angoniensis","Crepuscular",1,"Herbivore"
"Rodentia","Muridae","Ototylomys","Ototylomys phyllotis","Nocturnal",1,"Herbivore"
"Artiodactyla","Bovidae","Ourebia","Ourebia ourebi","Diurnal",2,"Herbivore"
"Primates","Cheirogaleidae","Phaner","Phaner furcifer","Crepuscular",1,"Omnivore"
"Didelphimorphia","Didelphidae","Philander","Philander opossum","Nocturnal",1,"Omnivore"
"Primates","Hominidae","Pan","Pan paniscus","Diurnal",85,"Omnivore"
"Primates","Hominidae","Pan","Pan troglodytes","Diurnal",50,"Omnivore"
"Primates","Cercopithecidae","Papio","Papio hamadryas","Diurnal",43.5,"Herbivore"
"Rodentia","Sciuridae","Paraxerus","Paraxerus palliatus","Diurnal",1,"Omnivore"
"Artiodactyla","Bovidae","Pelea","Pelea capreolus","Diurnal",10.25,"Herbivore"
"Primates","Loridae","Perodicticus","Perodicticus potto","Nocturnal",1,"Omnivore"
"Rodentia","Heteromyidae","Perognathus","Perognathus flavus","Nocturnal",1,"Omnivore"
"Rodentia","Heteromyidae","Perognathus","Perognathus parvus","Crepuscular",1,"Omnivore"
"Rodentia","Muridae","Peromyscus","Peromyscus crinitus","Nocturnal",1,"Omnivore"
"Rodentia","Muridae","Peromyscus","Peromyscus eremicus","Nocturnal",1,"Omnivore"
"Macroscelidea","Macroscelididae","Petrodromus","Petrodromus tetradactylus","Crepuscular",1.5,"Omnivore"
"Artiodactyla","Suidae","Phacochoerus","Phacochoerus aethiopicus","Diurnal",2,"Herbivore"
"Rodentia","Muridae","Phodopus","Phodopus sungorus","Crepuscular",1,"Omnivore"
"Primates","Cebidae","Pithecia","Pithecia monachus","Diurnal",2.5,"Omnivore"
"Primates","Cebidae","Pithecia","Pithecia pithecia","Diurnal",2.7,"Herbivore"
"Primates","Hominidae","Pongo","Pongo pygmaeus","Diurnal",1,"Omnivore"
"Artiodactyla","Suidae","Potamochoerus","Potamochoerus larvatus","Nocturnal",8,"Omnivore"
"Artiodactyla","Suidae","Potamochoerus","Potamochoerus porcus","Crepuscular",10.56,"Omnivore"
"Primates","Cercopithecidae","Presbytis","Presbytis comata","Diurnal",7.05,"Herbivore"
"Primates","Cercopithecidae","Presbytis","Presbytis melalophos","Diurnal",14,"Herbivore"
"Primates","Cercopithecidae","Presbytis","Presbytis rubicunda","Diurnal",6.5,"Herbivore"
"Xenarthra","Dasypodidae","Priodontes","Priodontes maximus","Nocturnal",1,"Carnivore"
"Hyracoidea","Procaviidae","Procavia","Procavia capensis","Diurnal",17,"Herbivore"
"Primates","Cercopithecidae","Procolobus","Procolobus badius","Crepuscular",34,"Omnivore"
"Primates","Cercopithecidae","Procolobus","Procolobus pennantii","Diurnal",33.8,"Herbivore"
"Primates","Cercopithecidae","Procolobus","Procolobus preussi","Diurnal",40,"Herbivore"
"Primates","Cercopithecidae","Procolobus","Procolobus rufomitratus","Diurnal",22.25,"Herbivore"
"Primates","Cercopithecidae","Procolobus","Procolobus verus","Diurnal",6.3,"Herbivore"
"Rodentia","Echimyidae","Proechimys","Proechimys brevicauda","Nocturnal",1,"Omnivore"
"Rodentia","Echimyidae","Proechimys","Proechimys cuvieri","Nocturnal",1,"Omnivore"
"Rodentia","Echimyidae","Proechimys","Proechimys guairae","Nocturnal",1,"Herbivore"
"Rodentia","Echimyidae","Proechimys","Proechimys semispinosus","Nocturnal",1,"Omnivore"
"Rodentia","Echimyidae","Proechimys","Proechimys simonsi","Nocturnal",1,"Omnivore"
"Rodentia","Echimyidae","Proechimys","Proechimys steerei","Nocturnal",1,"Omnivore"
"Primates","Indridae","Propithecus","Propithecus diadema","Diurnal",4.95,"Herbivore"
"Primates","Indridae","Propithecus","Propithecus tattersalli","Diurnal",4.1,"Herbivore"
"Primates","Indridae","Propithecus","Propithecus verreauxi","Diurnal",6.15,"Herbivore"
"Primates","Cercopithecidae","Pygathrix","Pygathrix bieti","Diurnal",50,"Omnivore"
"Primates","Cercopithecidae","Pygathrix","Pygathrix nemaeus","Diurnal",9.3,"Herbivore"
"Primates","Cercopithecidae","Pygathrix","Pygathrix roxellana","Diurnal",65,"Herbivore"
"Artiodactyla","Bovidae","Raphicerus","Raphicerus campestris","Diurnal",2,"Herbivore"
"Artiodactyla","Bovidae","Raphicerus","Raphicerus melanotis","Nocturnal",1.5,"Herbivore"
"Artiodactyla","Bovidae","Raphicerus","Raphicerus sharpei","Nocturnal",1.5,"Herbivore"
"Artiodactyla","Bovidae","Redunca","Redunca arundinum","Crepuscular",1.75,"Herbivore"
"Artiodactyla","Bovidae","Redunca","Redunca fulvorufula","Crepuscular",4.75,"Herbivore"
"Rodentia","Muridae","Reithrodontomys","Reithrodontomys fulvescens","Nocturnal",1.5,"Omnivore"
"Rodentia","Muridae","Reithrodontomys","Reithrodontomys humulis","Nocturnal",1,"Omnivore"
"Rodentia","Muridae","Reithrodontomys","Reithrodontomys montanus","Nocturnal",1,"Omnivore"
"Rodentia","Muridae","Reithrodontomys","Reithrodontomys raviventris","Nocturnal",1,"Herbivore"
"Rodentia","Muridae","Rhipidomys","Rhipidomys mastacalis","Nocturnal",1,"Omnivore"
"Macroscelidea","Macroscelididae","Rhynchocyon","Rhynchocyon chrysopygus","Diurnal",2,"Carnivore"
"Lagomorpha","Leporidae","Romerolagus","Romerolagus diazi","Crepuscular",3.5,"Herbivore"
"Primates","Callitrichidae","Saguinus","Saguinus bicolor","Diurnal",6.7,"Omnivore"
"Primates","Callitrichidae","Saguinus","Saguinus fuscicollis","Diurnal",6,"Omnivore"
"Primates","Callitrichidae","Saguinus","Saguinus geoffroyi","Diurnal",6.9,"Omnivore"
"Primates","Callitrichidae","Saguinus","Saguinus imperator","Diurnal",5,"Omnivore"
"Primates","Callitrichidae","Saguinus","Saguinus leucopus","Diurnal",7.5,"Omnivore"
"Primates","Callitrichidae","Saguinus","Saguinus midas","Diurnal",5.55,"Omnivore"
"Primates","Callitrichidae","Saguinus","Saguinus mystax","Diurnal",5.4,"Omnivore"
"Primates","Callitrichidae","Saguinus","Saguinus oedipus","Diurnal",7.05,"Omnivore"
"Artiodactyla","Bovidae","Saiga","Saiga tatarica","Diurnal",27.5,"Herbivore"
"Primates","Cebidae","Saimiri","Saimiri oerstedii","Diurnal",25.1,"Omnivore"
"Primates","Cebidae","Saimiri","Saimiri sciureus","Diurnal",34.85,"Omnivore"
"Rodentia","Sciuridae","Sciurillus","Sciurillus pusillus","Diurnal",1,"Herbivore"
"Rodentia","Sciuridae","Sciurus","Sciurus aestuans","Diurnal",1,"Omnivore"
"Rodentia","Sciuridae","Sciurus","Sciurus aureogaster","Diurnal",1,"Herbivore"
"Rodentia","Sciuridae","Sciurus","Sciurus carolinensis","Diurnal",1,"Omnivore"
"Rodentia","Sciuridae","Sciurus","Sciurus deppei","Diurnal",1,"Herbivore"
"Rodentia","Sciuridae","Sciurus","Sciurus granatensis","Diurnal",1,"Omnivore"
"Rodentia","Sciuridae","Sciurus","Sciurus ignitus","Diurnal",1,"Omnivore"
"Rodentia","Sciuridae","Sciurus","Sciurus igniventris","Diurnal",1,"Herbivore"
"Rodentia","Sciuridae","Sciurus","Sciurus spadiceus","Diurnal",1,"Herbivore"
"Primates","Cercopithecidae","Semnopithecus","Semnopithecus entellus","Diurnal",19,"Herbivore"
"Rodentia","Muridae","Sigmodon","Sigmodon hispidus","Crepuscular",1,"Omnivore"
"Rodentia","Sciuridae","Spermophilus","Spermophilus elegans","Diurnal",1,"Herbivore"
"Rodentia","Sciuridae","Spermophilus","Spermophilus mohavensis","Diurnal",1,"Herbivore"
"Rodentia","Sciuridae","Spermophilus","Spermophilus townsendii","Diurnal",1,"Omnivore"
"Rodentia","Sciuridae","Spermophilus","Spermophilus tridecemlineatus","Diurnal",1,"Omnivore"
"Rodentia","Erethizontidae","Sphiggurus","Sphiggurus mexicanus","Nocturnal",2,"Herbivore"
"Insectivora","Soricidae","Suncus","Suncus infinitesimus","Crepuscular",1,"Carnivore"
"Artiodactyla","Suidae","Sus","Sus barbatus","Crepuscular",6.25,"Omnivore"
"Artiodactyla","Suidae","Sus","Sus cebifrons","Crepuscular",4.5,"Omnivore"
"Artiodactyla","Suidae","Sus","Sus philippensis","Crepuscular",3.75,"Omnivore"
"Artiodactyla","Suidae","Sus","Sus salvanius","Crepuscular",5,"Omnivore"
"Artiodactyla","Suidae","Sus","Sus scrofa","Crepuscular",13,"Omnivore"
"Artiodactyla","Bovidae","Sylvicapra","Sylvicapra grimmia","Crepuscular",1,"Herbivore"
"Lagomorpha","Leporidae","Sylvilagus","Sylvilagus brasiliensis","Crepuscular",1,"Herbivore"
"Artiodactyla","Bovidae","Syncerus","Syncerus caffer","Crepuscular",12,"Herbivore"
"Rodentia","Sciuridae","Syntheosciurus","Syntheosciurus brochus","Crepuscular",2,"Herbivore"
"Rodentia","Muridae","Tachyoryctes","Tachyoryctes macrocephalus","Diurnal",1,"Herbivore"
"Xenarthra","Myrmecophagidae","Tamandua","Tamandua mexicana","Crepuscular",1,"Carnivore"
"Xenarthra","Myrmecophagidae","Tamandua","Tamandua tetradactyla","Crepuscular",1,"Carnivore"
"Rodentia","Sciuridae","Tamias","Tamias ruficaudus","Diurnal",1,"Omnivore"
"Rodentia","Sciuridae","Tamias","Tamias rufus","Diurnal",4.5,"Herbivore"
"Rodentia","Sciuridae","Tamiasciurus","Tamiasciurus douglasii","Diurnal",1,"Omnivore"
"Primates","Cercopithecidae","Theropithecus","Theropithecus gelada","Diurnal",10,"Herbivore"
"Diprotodontia","Macropodidae","Thylogale","Thylogale stigmatica","Nocturnal",1,"Herbivore"
"Xenarthra","Dasypodidae","Tolypeutes","Tolypeutes matacus","Crepuscular",1,"Omnivore"
"Artiodactyla","Bovidae","Tragelaphus","Tragelaphus angasii","Crepuscular",15.5,"Herbivore"
"Artiodactyla","Bovidae","Tragelaphus","Tragelaphus buxtoni","Crepuscular",15,"Herbivore"
"Artiodactyla","Bovidae","Tragelaphus","Tragelaphus eurycerus","Crepuscular",13.5,"Herbivore"
"Artiodactyla","Bovidae","Tragelaphus","Tragelaphus scriptus","Crepuscular",1,"Herbivore"
"Artiodactyla","Bovidae","Tragelaphus","Tragelaphus spekii","Crepuscular",6,"Herbivore"
"Artiodactyla","Bovidae","Tragelaphus","Tragelaphus strepsiceros","Diurnal",12,"Herbivore"
"Primates","Lemuridae","Varecia","Varecia variegata","Crepuscular",2.8,"Herbivore"
"Rodentia","Sciuridae","Xerus","Xerus inauris","Diurnal",30,"Herbivore"
"Rodentia","Sciuridae","Xerus","Xerus princeps","Diurnal",2,"Herbivore"
